{"cameraMode":{"drawMode":0,"name":"Shaded","section":"Shading Mode"},"sceneLighting":true,"audioPlay":false,"sceneViewState":{"showFog":true,"showMaterialUpdate":true,"showSkybox":false,"showFlares":true,"showImageEffects":true,"showParticleSystems":true},"in2DMode":false,"pivot":{"x":0.3023982048034668,"y":-1.3076083660125733,"z":4.926886081695557},"rotation":{"x":-0.2341081202030182,"y":-0.10125456005334854,"z":0.02465951256453991,"w":-0.9666475057601929},"size":5.786175727844238,"orthographic":false}