{"cameraMode":{"drawMode":0,"name":"Shaded","section":"Shading Mode"},"sceneLighting":true,"audioPlay":false,"sceneViewState":{"showFog":true,"showMaterialUpdate":true,"showSkybox":false,"showFlares":true,"showImageEffects":true,"showParticleSystems":true},"in2DMode":false,"pivot":{"x":2.917027473449707,"y":3.285706043243408,"z":1.2350025177001954},"rotation":{"x":0.08386164903640747,"y":0.22081094980239869,"z":-0.019144028425216676,"w":0.9715333580970764},"size":10.0,"orthographic":false}