{"cameraMode":{"drawMode":0,"name":"Shaded","section":"Shading Mode"},"sceneLighting":false,"audioPlay":false,"sceneViewState":{"showFog":true,"showMaterialUpdate":false,"showSkybox":false,"showFlares":true,"showImageEffects":true,"showParticleSystems":true},"in2DMode":false,"pivot":{"x":4.417556285858154,"y":6.0402021408081059,"z":-0.11939414590597153},"rotation":{"x":0.33675193786621096,"y":-0.5994042754173279,"z":0.3065568208694458,"w":0.6582831144332886},"size":0.000017320508050033823,"orthographic":false}